--
-- This script was generated by Valentina Studio
-- Application homepage: http://www.valentina-db.com/
--


-- --------------------------------------------------------------------------------
-- Create Schemas
-- --------------------------------------------------------------------------------

BEGIN TRANSACTION;

-- CREATE SCHEMA "dbo" -----------------------------------------
IF NOT EXISTS ( 
	SELECT sys_sch.name 
	FROM sys.schemas sys_sch 
	WHERE sys_sch.name = N'dbo' )
BEGIN
	EXEC sp_executesql N'CREATE SCHEMA [dbo] AUTHORIZATION dbo'
END
GO;
-- -------------------------------------------------------------

COMMIT TRANSACTION;
GO


-- --------------------------------------------------------------------------------
-- Create Tables
-- --------------------------------------------------------------------------------

BEGIN TRANSACTION;

-- CREATE TABLE "OrderStatus" ----------------------------------
CREATE TABLE [dbo].[OrderStatus] ( 
	[ID] INT IDENTITY ( 1, 1 )  NOT NULL, 
	[OrderID] INT NULL, 
	[Time] DATETIME2 NOT NULL, 
	[Type] INT NOT NULL,
	PRIMARY KEY ( [ID] ) )
GO;
-- -------------------------------------------------------------

-- CREATE INDEX "IX_OrderStatus_OrderID" -----------------------
CREATE  INDEX [IX_OrderStatus_OrderID] ON [dbo].[OrderStatus]( [OrderID] ASC )
GO;
-- -------------------------------------------------------------

COMMIT TRANSACTION;
GO

BEGIN TRANSACTION;

-- CREATE TABLE "__EFMigrationsHistory" ------------------------
CREATE TABLE [dbo].[__EFMigrationsHistory] ( 
	[MigrationId] NVARCHAR( 150 ) NOT NULL, 
	[ProductVersion] NVARCHAR( 32 ) NOT NULL,
	PRIMARY KEY ( [MigrationId] ) )
GO;
-- -------------------------------------------------------------

COMMIT TRANSACTION;
GO

BEGIN TRANSACTION;

-- CREATE TABLE "AspNetUsers" ----------------------------------
CREATE TABLE [dbo].[AspNetUsers] ( 
	[Id] NVARCHAR( 450 ) NOT NULL, 
	[AccessFailedCount] INT NOT NULL, 
	[ConcurrencyStamp] NVARCHAR( max ) NULL, 
	[Email] NVARCHAR( 256 ) NULL, 
	[EmailConfirmed] BIT NOT NULL, 
	[FirstName] NVARCHAR( max ) NULL, 
	[LastName] NVARCHAR( max ) NULL, 
	[LockoutEnabled] BIT NOT NULL, 
	[LockoutEnd] DATETIMEOFFSET NULL, 
	[NormalizedEmail] NVARCHAR( 256 ) NULL, 
	[NormalizedUserName] NVARCHAR( 256 ) NULL, 
	[PasswordHash] NVARCHAR( max ) NULL, 
	[PhoneNumber] NVARCHAR( max ) NULL, 
	[PhoneNumberConfirmed] BIT NOT NULL, 
	[SecurityStamp] NVARCHAR( max ) NULL, 
	[TwoFactorEnabled] BIT NOT NULL, 
	[UserName] NVARCHAR( 256 ) NULL, 
	[VerifiedCode] BIT NOT NULL, 
	[VerifyCode] NVARCHAR( max ) NULL, 
	[VerifyCodeTime] DATETIME2 NOT NULL,
	PRIMARY KEY ( [Id] ) )
GO;
-- -------------------------------------------------------------

-- CREATE INDEX "EmailIndex" -----------------------------------
CREATE  INDEX [EmailIndex] ON [dbo].[AspNetUsers]( [NormalizedEmail] ASC )
GO;
-- -------------------------------------------------------------

-- CREATE INDEX "UserNameIndex" --------------------------------
CREATE  UNIQUE  INDEX [UserNameIndex] ON [dbo].[AspNetUsers]( [NormalizedUserName] ASC )
WHERE ([NormalizedUserName] IS NOT NULL)
GO;
-- -------------------------------------------------------------

COMMIT TRANSACTION;
GO

BEGIN TRANSACTION;

-- CREATE TABLE "City" -----------------------------------------
CREATE TABLE [dbo].[City] ( 
	[ID] INT IDENTITY ( 1, 1 )  NOT NULL, 
	[Area] NVARCHAR( max ) NULL, 
	[Domen] NVARCHAR( max ) NULL, 
	[Name] NVARCHAR( max ) NULL, 
	[PrepositionalArea] NVARCHAR( max ) NULL, 
	[PrepositionalName] NVARCHAR( max ) NULL,
	PRIMARY KEY ( [ID] ) )
GO;
-- -------------------------------------------------------------

COMMIT TRANSACTION;
GO

BEGIN TRANSACTION;

-- CREATE TABLE "Customer" -------------------------------------
CREATE TABLE [dbo].[Customer] ( 
	[ID] INT IDENTITY ( 1, 1 )  NOT NULL,
	PRIMARY KEY ( [ID] ) )
GO;
-- -------------------------------------------------------------

COMMIT TRANSACTION;
GO

BEGIN TRANSACTION;

-- CREATE TABLE "Dispatchers" ----------------------------------
CREATE TABLE [dbo].[Dispatchers] ( 
	[ID] INT IDENTITY ( 1, 1 )  NOT NULL,
	PRIMARY KEY ( [ID] ) )
GO;
-- -------------------------------------------------------------

COMMIT TRANSACTION;
GO

BEGIN TRANSACTION;

-- CREATE TABLE "Pricelist" ------------------------------------
CREATE TABLE [dbo].[Pricelist] ( 
	[ID] INT IDENTITY ( 1, 1 )  NOT NULL,
	PRIMARY KEY ( [ID] ) )
GO;
-- -------------------------------------------------------------

COMMIT TRANSACTION;
GO

BEGIN TRANSACTION;

-- CREATE TABLE "Shedule" --------------------------------------
CREATE TABLE [dbo].[Shedule] ( 
	[ID] INT IDENTITY ( 1, 1 )  NOT NULL,
	PRIMARY KEY ( [ID] ) )
GO;
-- -------------------------------------------------------------

COMMIT TRANSACTION;
GO

BEGIN TRANSACTION;

-- CREATE TABLE "AspNetRoles" ----------------------------------
CREATE TABLE [dbo].[AspNetRoles] ( 
	[Id] NVARCHAR( 450 ) NOT NULL, 
	[ConcurrencyStamp] NVARCHAR( max ) NULL, 
	[Name] NVARCHAR( 256 ) NULL, 
	[NormalizedName] NVARCHAR( 256 ) NULL,
	PRIMARY KEY ( [Id] ) )
GO;
-- -------------------------------------------------------------

-- CREATE INDEX "RoleNameIndex" --------------------------------
CREATE  UNIQUE  INDEX [RoleNameIndex] ON [dbo].[AspNetRoles]( [NormalizedName] ASC )
WHERE ([NormalizedName] IS NOT NULL)
GO;
-- -------------------------------------------------------------

COMMIT TRANSACTION;
GO

BEGIN TRANSACTION;

-- CREATE TABLE "AspNetUserTokens" -----------------------------
CREATE TABLE [dbo].[AspNetUserTokens] ( 
	[UserId] NVARCHAR( 450 ) NOT NULL, 
	[LoginProvider] NVARCHAR( 450 ) NOT NULL, 
	[Name] NVARCHAR( 450 ) NOT NULL, 
	[Value] NVARCHAR( max ) NULL,
	PRIMARY KEY ( [UserId], [LoginProvider], [Name] ) )
GO;
-- -------------------------------------------------------------

COMMIT TRANSACTION;
GO

BEGIN TRANSACTION;

-- CREATE TABLE "AspNetUserClaims" -----------------------------
CREATE TABLE [dbo].[AspNetUserClaims] ( 
	[Id] INT IDENTITY ( 1, 1 )  NOT NULL, 
	[ClaimType] NVARCHAR( max ) NULL, 
	[ClaimValue] NVARCHAR( max ) NULL, 
	[UserId] NVARCHAR( 450 ) NOT NULL,
	PRIMARY KEY ( [Id] ) )
GO;
-- -------------------------------------------------------------

-- CREATE INDEX "IX_AspNetUserClaims_UserId" -------------------
CREATE  INDEX [IX_AspNetUserClaims_UserId] ON [dbo].[AspNetUserClaims]( [UserId] ASC )
GO;
-- -------------------------------------------------------------

COMMIT TRANSACTION;
GO

BEGIN TRANSACTION;

-- CREATE TABLE "AspNetUserLogins" -----------------------------
CREATE TABLE [dbo].[AspNetUserLogins] ( 
	[LoginProvider] NVARCHAR( 450 ) NOT NULL, 
	[ProviderKey] NVARCHAR( 450 ) NOT NULL, 
	[ProviderDisplayName] NVARCHAR( max ) NULL, 
	[UserId] NVARCHAR( 450 ) NOT NULL,
	PRIMARY KEY ( [LoginProvider], [ProviderKey] ) )
GO;
-- -------------------------------------------------------------

-- CREATE INDEX "IX_AspNetUserLogins_UserId" -------------------
CREATE  INDEX [IX_AspNetUserLogins_UserId] ON [dbo].[AspNetUserLogins]( [UserId] ASC )
GO;
-- -------------------------------------------------------------

COMMIT TRANSACTION;
GO

BEGIN TRANSACTION;

-- CREATE TABLE "Garages" --------------------------------------
CREATE TABLE [dbo].[Garages] ( 
	[ID] INT IDENTITY ( 1, 1 )  NOT NULL, 
	[CityID] INT NOT NULL, 
	[DispatcherID] INT NULL, 
	[IsMaster] BIT NOT NULL, 
	[Name] NVARCHAR( max ) NULL, 
	[PhoneNumber] FLOAT( 53 ) NOT NULL, 
	[PhoneNumberMask] NVARCHAR( max ) NULL, 
	[PricelistID] INT NULL,
	PRIMARY KEY ( [ID] ) )
GO;
-- -------------------------------------------------------------

-- CREATE INDEX "IX_Garages_CityID" ----------------------------
CREATE  INDEX [IX_Garages_CityID] ON [dbo].[Garages]( [CityID] ASC )
GO;
-- -------------------------------------------------------------

-- CREATE INDEX "IX_Garages_DispatcherID" ----------------------
CREATE  INDEX [IX_Garages_DispatcherID] ON [dbo].[Garages]( [DispatcherID] ASC )
GO;
-- -------------------------------------------------------------

-- CREATE INDEX "IX_Garages_PricelistID" -----------------------
CREATE  INDEX [IX_Garages_PricelistID] ON [dbo].[Garages]( [PricelistID] ASC )
GO;
-- -------------------------------------------------------------

COMMIT TRANSACTION;
GO

BEGIN TRANSACTION;

-- CREATE TABLE "PricelistItem" --------------------------------
CREATE TABLE [dbo].[PricelistItem] ( 
	[ID] INT IDENTITY ( 1, 1 )  NOT NULL, 
	[Alias] NVARCHAR( max ) NULL, 
	[Discount] INT NOT NULL, 
	[LoadingVehicle] INT NOT NULL, 
	[LockedSteeringWheel] INT NOT NULL, 
	[LockedWheel] INT NOT NULL, 
	[Name] NVARCHAR( max ) NULL, 
	[PerKilometer] DECIMAL( 18, 2 ) NOT NULL, 
	[PricelistID] INT NOT NULL,
	PRIMARY KEY ( [ID] ) )
GO;
-- -------------------------------------------------------------

-- CREATE INDEX "IX_PricelistItem_PricelistID" -----------------
CREATE  INDEX [IX_PricelistItem_PricelistID] ON [dbo].[PricelistItem]( [PricelistID] ASC )
GO;
-- -------------------------------------------------------------

COMMIT TRANSACTION;
GO

BEGIN TRANSACTION;

-- CREATE TABLE "SheduleDay" -----------------------------------
CREATE TABLE [dbo].[SheduleDay] ( 
	[ID] INT IDENTITY ( 1, 1 )  NOT NULL, 
	[DayOfWeek] INT NOT NULL, 
	[SheduleID] INT NULL,
	PRIMARY KEY ( [ID] ) )
GO;
-- -------------------------------------------------------------

-- CREATE INDEX "IX_SheduleDay_SheduleID" ----------------------
CREATE  INDEX [IX_SheduleDay_SheduleID] ON [dbo].[SheduleDay]( [SheduleID] ASC )
GO;
-- -------------------------------------------------------------

COMMIT TRANSACTION;
GO

BEGIN TRANSACTION;

-- CREATE TABLE "AspNetRoleClaims" -----------------------------
CREATE TABLE [dbo].[AspNetRoleClaims] ( 
	[Id] INT IDENTITY ( 1, 1 )  NOT NULL, 
	[ClaimType] NVARCHAR( max ) NULL, 
	[ClaimValue] NVARCHAR( max ) NULL, 
	[RoleId] NVARCHAR( 450 ) NOT NULL,
	PRIMARY KEY ( [Id] ) )
GO;
-- -------------------------------------------------------------

-- CREATE INDEX "IX_AspNetRoleClaims_RoleId" -------------------
CREATE  INDEX [IX_AspNetRoleClaims_RoleId] ON [dbo].[AspNetRoleClaims]( [RoleId] ASC )
GO;
-- -------------------------------------------------------------

COMMIT TRANSACTION;
GO

BEGIN TRANSACTION;

-- CREATE TABLE "AspNetUserRoles" ------------------------------
CREATE TABLE [dbo].[AspNetUserRoles] ( 
	[UserId] NVARCHAR( 450 ) NOT NULL, 
	[RoleId] NVARCHAR( 450 ) NOT NULL,
	PRIMARY KEY ( [UserId], [RoleId] ) )
GO;
-- -------------------------------------------------------------

-- CREATE INDEX "IX_AspNetUserRoles_RoleId" --------------------
CREATE  INDEX [IX_AspNetUserRoles_RoleId] ON [dbo].[AspNetUserRoles]( [RoleId] ASC )
GO;
-- -------------------------------------------------------------

COMMIT TRANSACTION;
GO

BEGIN TRANSACTION;

-- CREATE TABLE "Driver" ---------------------------------------
CREATE TABLE [dbo].[Driver] ( 
	[ID] INT IDENTITY ( 1, 1 )  NOT NULL, 
	[GarageID] INT NULL, 
	[IsAccept] BIT NOT NULL,
	PRIMARY KEY ( [ID] ) )
GO;
-- -------------------------------------------------------------

-- CREATE INDEX "IX_Driver_GarageID" ---------------------------
CREATE  INDEX [IX_Driver_GarageID] ON [dbo].[Driver]( [GarageID] ASC )
GO;
-- -------------------------------------------------------------

COMMIT TRANSACTION;
GO

BEGIN TRANSACTION;

-- CREATE TABLE "Membership" -----------------------------------
CREATE TABLE [dbo].[Membership] ( 
	[ID] INT IDENTITY ( 1, 1 )  NOT NULL, 
	[ApplicationUserId] NVARCHAR( 450 ) NULL, 
	[CustomerID] INT NULL, 
	[DispatcherID] INT NULL, 
	[DriverID] INT NULL, 
	[Status] INT NOT NULL,
	PRIMARY KEY ( [ID] ) )
GO;
-- -------------------------------------------------------------

-- CREATE INDEX "IX_Membership_ApplicationUserId" --------------
CREATE  INDEX [IX_Membership_ApplicationUserId] ON [dbo].[Membership]( [ApplicationUserId] ASC )
GO;
-- -------------------------------------------------------------

-- CREATE INDEX "IX_Membership_CustomerID" ---------------------
CREATE  UNIQUE  INDEX [IX_Membership_CustomerID] ON [dbo].[Membership]( [CustomerID] ASC )
WHERE ([CustomerID] IS NOT NULL)
GO;
-- -------------------------------------------------------------

-- CREATE INDEX "IX_Membership_DispatcherID" -------------------
CREATE  UNIQUE  INDEX [IX_Membership_DispatcherID] ON [dbo].[Membership]( [DispatcherID] ASC )
WHERE ([DispatcherID] IS NOT NULL)
GO;
-- -------------------------------------------------------------

-- CREATE INDEX "IX_Membership_DriverID" -----------------------
CREATE  UNIQUE  INDEX [IX_Membership_DriverID] ON [dbo].[Membership]( [DriverID] ASC )
WHERE ([DriverID] IS NOT NULL)
GO;
-- -------------------------------------------------------------

COMMIT TRANSACTION;
GO

BEGIN TRANSACTION;

-- CREATE TABLE "SheduleHourRange" -----------------------------
CREATE TABLE [dbo].[SheduleHourRange] ( 
	[ID] INT IDENTITY ( 1, 1 )  NOT NULL, 
	[Beginning] INT NOT NULL, 
	[DriverID] INT NULL, 
	[End] INT NOT NULL, 
	[SheduleDayID] INT NULL,
	PRIMARY KEY ( [ID] ) )
GO;
-- -------------------------------------------------------------

-- CREATE INDEX "IX_SheduleHourRange_DriverID" -----------------
CREATE  INDEX [IX_SheduleHourRange_DriverID] ON [dbo].[SheduleHourRange]( [DriverID] ASC )
GO;
-- -------------------------------------------------------------

-- CREATE INDEX "IX_SheduleHourRange_SheduleDayID" -------------
CREATE  INDEX [IX_SheduleHourRange_SheduleDayID] ON [dbo].[SheduleHourRange]( [SheduleDayID] ASC )
GO;
-- -------------------------------------------------------------

COMMIT TRANSACTION;
GO

BEGIN TRANSACTION;

-- CREATE TABLE "Vehicle" --------------------------------------
CREATE TABLE [dbo].[Vehicle] ( 
	[ID] INT IDENTITY ( 1, 1 )  NOT NULL, 
	[GarageID] INT NOT NULL, 
	[IsAccept] BIT NOT NULL, 
	[MembershipID] INT NOT NULL, 
	[Name] NVARCHAR( max ) NULL, 
	[RegistrationNumber] NVARCHAR( max ) NULL, 
	[SheduleID] INT NOT NULL,
	PRIMARY KEY ( [ID] ) )
GO;
-- -------------------------------------------------------------

-- CREATE INDEX "IX_Vehicle_GarageID" --------------------------
CREATE  INDEX [IX_Vehicle_GarageID] ON [dbo].[Vehicle]( [GarageID] ASC )
GO;
-- -------------------------------------------------------------

-- CREATE INDEX "IX_Vehicle_MembershipID" ----------------------
CREATE  INDEX [IX_Vehicle_MembershipID] ON [dbo].[Vehicle]( [MembershipID] ASC )
GO;
-- -------------------------------------------------------------

-- CREATE INDEX "IX_Vehicle_SheduleID" -------------------------
CREATE  INDEX [IX_Vehicle_SheduleID] ON [dbo].[Vehicle]( [SheduleID] ASC )
GO;
-- -------------------------------------------------------------

COMMIT TRANSACTION;
GO

BEGIN TRANSACTION;

-- CREATE TABLE "Order" ----------------------------------------
CREATE TABLE [dbo].[Order] ( 
	[ID] INT IDENTITY ( 1, 1 )  NOT NULL, 
	[CityID] INT NOT NULL, 
	[CustomerID] INT NOT NULL, 
	[Distance] INT NOT NULL, 
	[PlaceArrival] NVARCHAR( max ) NULL, 
	[PlaceDeparture] NVARCHAR( max ) NULL, 
	[VehicleID] INT NULL,
	PRIMARY KEY ( [ID] ) )
GO;
-- -------------------------------------------------------------

-- CREATE INDEX "IX_Order_CityID" ------------------------------
CREATE  INDEX [IX_Order_CityID] ON [dbo].[Order]( [CityID] ASC )
GO;
-- -------------------------------------------------------------

-- CREATE INDEX "IX_Order_CustomerID" --------------------------
CREATE  INDEX [IX_Order_CustomerID] ON [dbo].[Order]( [CustomerID] ASC )
GO;
-- -------------------------------------------------------------

-- CREATE INDEX "IX_Order_VehicleID" ---------------------------
CREATE  INDEX [IX_Order_VehicleID] ON [dbo].[Order]( [VehicleID] ASC )
GO;
-- -------------------------------------------------------------

COMMIT TRANSACTION;
GO


-- --------------------------------------------------------------------------------
-- Create Links
-- --------------------------------------------------------------------------------

BEGIN TRANSACTION;

-- CREATE LINK "FK_Vehicle_Shedule_SheduleID" ------------------
ALTER TABLE [dbo].[Vehicle]
	ADD CONSTRAINT [FK_Vehicle_Shedule_SheduleID]
	FOREIGN KEY ([SheduleID])
	REFERENCES [dbo].[Shedule]( [ID] )
	ON DELETE Cascade
	ON UPDATE No Action
GO;
-- -------------------------------------------------------------

COMMIT TRANSACTION;
GO

BEGIN TRANSACTION;

-- CREATE LINK "FK_Driver_Garages_GarageID" --------------------
ALTER TABLE [dbo].[Driver]
	ADD CONSTRAINT [FK_Driver_Garages_GarageID]
	FOREIGN KEY ([GarageID])
	REFERENCES [dbo].[Garages]( [ID] )
	ON DELETE No Action
	ON UPDATE No Action
GO;
-- -------------------------------------------------------------

COMMIT TRANSACTION;
GO

BEGIN TRANSACTION;

-- CREATE LINK "FK_AspNetUserRoles_AspNetRoles_RoleId" ---------
ALTER TABLE [dbo].[AspNetUserRoles]
	ADD CONSTRAINT [FK_AspNetUserRoles_AspNetRoles_RoleId]
	FOREIGN KEY ([RoleId])
	REFERENCES [dbo].[AspNetRoles]( [Id] )
	ON DELETE Cascade
	ON UPDATE No Action
GO;
-- -------------------------------------------------------------

COMMIT TRANSACTION;
GO

BEGIN TRANSACTION;

-- CREATE LINK "FK_AspNetUserLogins_AspNetUsers_UserId" --------
ALTER TABLE [dbo].[AspNetUserLogins]
	ADD CONSTRAINT [FK_AspNetUserLogins_AspNetUsers_UserId]
	FOREIGN KEY ([UserId])
	REFERENCES [dbo].[AspNetUsers]( [Id] )
	ON DELETE Cascade
	ON UPDATE No Action
GO;
-- -------------------------------------------------------------

COMMIT TRANSACTION;
GO

BEGIN TRANSACTION;

-- CREATE LINK "FK_Membership_Driver_DriverID" -----------------
ALTER TABLE [dbo].[Membership]
	ADD CONSTRAINT [FK_Membership_Driver_DriverID]
	FOREIGN KEY ([DriverID])
	REFERENCES [dbo].[Driver]( [ID] )
	ON DELETE No Action
	ON UPDATE No Action
GO;
-- -------------------------------------------------------------

COMMIT TRANSACTION;
GO

BEGIN TRANSACTION;

-- CREATE LINK "FK_Vehicle_Garages_GarageID" -------------------
ALTER TABLE [dbo].[Vehicle]
	ADD CONSTRAINT [FK_Vehicle_Garages_GarageID]
	FOREIGN KEY ([GarageID])
	REFERENCES [dbo].[Garages]( [ID] )
	ON DELETE Cascade
	ON UPDATE No Action
GO;
-- -------------------------------------------------------------

COMMIT TRANSACTION;
GO

BEGIN TRANSACTION;

-- CREATE LINK "FK_Vehicle_Membership_MembershipID" ------------
ALTER TABLE [dbo].[Vehicle]
	ADD CONSTRAINT [FK_Vehicle_Membership_MembershipID]
	FOREIGN KEY ([MembershipID])
	REFERENCES [dbo].[Membership]( [ID] )
	ON DELETE Cascade
	ON UPDATE No Action
GO;
-- -------------------------------------------------------------

COMMIT TRANSACTION;
GO

BEGIN TRANSACTION;

-- CREATE LINK "FK_PricelistItem_Pricelist_PricelistID" --------
ALTER TABLE [dbo].[PricelistItem]
	ADD CONSTRAINT [FK_PricelistItem_Pricelist_PricelistID]
	FOREIGN KEY ([PricelistID])
	REFERENCES [dbo].[Pricelist]( [ID] )
	ON DELETE Cascade
	ON UPDATE No Action
GO;
-- -------------------------------------------------------------

COMMIT TRANSACTION;
GO

BEGIN TRANSACTION;

-- CREATE LINK "FK_Order_City_CityID" --------------------------
ALTER TABLE [dbo].[Order]
	ADD CONSTRAINT [FK_Order_City_CityID]
	FOREIGN KEY ([CityID])
	REFERENCES [dbo].[City]( [ID] )
	ON DELETE Cascade
	ON UPDATE No Action
GO;
-- -------------------------------------------------------------

COMMIT TRANSACTION;
GO

BEGIN TRANSACTION;

-- CREATE LINK "FK_AspNetUserRoles_AspNetUsers_UserId" ---------
ALTER TABLE [dbo].[AspNetUserRoles]
	ADD CONSTRAINT [FK_AspNetUserRoles_AspNetUsers_UserId]
	FOREIGN KEY ([UserId])
	REFERENCES [dbo].[AspNetUsers]( [Id] )
	ON DELETE Cascade
	ON UPDATE No Action
GO;
-- -------------------------------------------------------------

COMMIT TRANSACTION;
GO

BEGIN TRANSACTION;

-- CREATE LINK "FK_SheduleDay_Shedule_SheduleID" ---------------
ALTER TABLE [dbo].[SheduleDay]
	ADD CONSTRAINT [FK_SheduleDay_Shedule_SheduleID]
	FOREIGN KEY ([SheduleID])
	REFERENCES [dbo].[Shedule]( [ID] )
	ON DELETE No Action
	ON UPDATE No Action
GO;
-- -------------------------------------------------------------

COMMIT TRANSACTION;
GO

BEGIN TRANSACTION;

-- CREATE LINK "FK_Order_Vehicle_VehicleID" --------------------
ALTER TABLE [dbo].[Order]
	ADD CONSTRAINT [FK_Order_Vehicle_VehicleID]
	FOREIGN KEY ([VehicleID])
	REFERENCES [dbo].[Vehicle]( [ID] )
	ON DELETE No Action
	ON UPDATE No Action
GO;
-- -------------------------------------------------------------

COMMIT TRANSACTION;
GO

BEGIN TRANSACTION;

-- CREATE LINK "FK_Membership_AspNetUsers_ApplicationUserId" ---
ALTER TABLE [dbo].[Membership]
	ADD CONSTRAINT [FK_Membership_AspNetUsers_ApplicationUserId]
	FOREIGN KEY ([ApplicationUserId])
	REFERENCES [dbo].[AspNetUsers]( [Id] )
	ON DELETE No Action
	ON UPDATE No Action
GO;
-- -------------------------------------------------------------

COMMIT TRANSACTION;
GO

BEGIN TRANSACTION;

-- CREATE LINK "FK_Order_Customer_CustomerID" ------------------
ALTER TABLE [dbo].[Order]
	ADD CONSTRAINT [FK_Order_Customer_CustomerID]
	FOREIGN KEY ([CustomerID])
	REFERENCES [dbo].[Customer]( [ID] )
	ON DELETE Cascade
	ON UPDATE No Action
GO;
-- -------------------------------------------------------------

COMMIT TRANSACTION;
GO

BEGIN TRANSACTION;

-- CREATE LINK "FK_Garages_Dispatchers_DispatcherID" -----------
ALTER TABLE [dbo].[Garages]
	ADD CONSTRAINT [FK_Garages_Dispatchers_DispatcherID]
	FOREIGN KEY ([DispatcherID])
	REFERENCES [dbo].[Dispatchers]( [ID] )
	ON DELETE No Action
	ON UPDATE No Action
GO;
-- -------------------------------------------------------------

COMMIT TRANSACTION;
GO

BEGIN TRANSACTION;

-- CREATE LINK "FK_AspNetUserClaims_AspNetUsers_UserId" --------
ALTER TABLE [dbo].[AspNetUserClaims]
	ADD CONSTRAINT [FK_AspNetUserClaims_AspNetUsers_UserId]
	FOREIGN KEY ([UserId])
	REFERENCES [dbo].[AspNetUsers]( [Id] )
	ON DELETE Cascade
	ON UPDATE No Action
GO;
-- -------------------------------------------------------------

COMMIT TRANSACTION;
GO

BEGIN TRANSACTION;

-- CREATE LINK "FK_SheduleHourRange_SheduleDay_SheduleDayID" ---
ALTER TABLE [dbo].[SheduleHourRange]
	ADD CONSTRAINT [FK_SheduleHourRange_SheduleDay_SheduleDayID]
	FOREIGN KEY ([SheduleDayID])
	REFERENCES [dbo].[SheduleDay]( [ID] )
	ON DELETE No Action
	ON UPDATE No Action
GO;
-- -------------------------------------------------------------

COMMIT TRANSACTION;
GO

BEGIN TRANSACTION;

-- CREATE LINK "FK_SheduleHourRange_Driver_DriverID" -----------
ALTER TABLE [dbo].[SheduleHourRange]
	ADD CONSTRAINT [FK_SheduleHourRange_Driver_DriverID]
	FOREIGN KEY ([DriverID])
	REFERENCES [dbo].[Driver]( [ID] )
	ON DELETE No Action
	ON UPDATE No Action
GO;
-- -------------------------------------------------------------

COMMIT TRANSACTION;
GO

BEGIN TRANSACTION;

-- CREATE LINK "FK_Garages_City_CityID" ------------------------
ALTER TABLE [dbo].[Garages]
	ADD CONSTRAINT [FK_Garages_City_CityID]
	FOREIGN KEY ([CityID])
	REFERENCES [dbo].[City]( [ID] )
	ON DELETE Cascade
	ON UPDATE No Action
GO;
-- -------------------------------------------------------------

COMMIT TRANSACTION;
GO

BEGIN TRANSACTION;

-- CREATE LINK "FK_Membership_Dispatchers_DispatcherID" --------
ALTER TABLE [dbo].[Membership]
	ADD CONSTRAINT [FK_Membership_Dispatchers_DispatcherID]
	FOREIGN KEY ([DispatcherID])
	REFERENCES [dbo].[Dispatchers]( [ID] )
	ON DELETE No Action
	ON UPDATE No Action
GO;
-- -------------------------------------------------------------

COMMIT TRANSACTION;
GO

BEGIN TRANSACTION;

-- CREATE LINK "FK_Membership_Customer_CustomerID" -------------
ALTER TABLE [dbo].[Membership]
	ADD CONSTRAINT [FK_Membership_Customer_CustomerID]
	FOREIGN KEY ([CustomerID])
	REFERENCES [dbo].[Customer]( [ID] )
	ON DELETE No Action
	ON UPDATE No Action
GO;
-- -------------------------------------------------------------

COMMIT TRANSACTION;
GO

BEGIN TRANSACTION;

-- CREATE LINK "FK_Garages_Pricelist_PricelistID" --------------
ALTER TABLE [dbo].[Garages]
	ADD CONSTRAINT [FK_Garages_Pricelist_PricelistID]
	FOREIGN KEY ([PricelistID])
	REFERENCES [dbo].[Pricelist]( [ID] )
	ON DELETE No Action
	ON UPDATE No Action
GO;
-- -------------------------------------------------------------

COMMIT TRANSACTION;
GO

BEGIN TRANSACTION;

-- CREATE LINK "FK_OrderStatus_Order_OrderID" ------------------
ALTER TABLE [dbo].[OrderStatus]
	ADD CONSTRAINT [FK_OrderStatus_Order_OrderID]
	FOREIGN KEY ([OrderID])
	REFERENCES [dbo].[Order]( [ID] )
	ON DELETE No Action
	ON UPDATE No Action
GO;
-- -------------------------------------------------------------

COMMIT TRANSACTION;
GO

BEGIN TRANSACTION;

-- CREATE LINK "FK_AspNetRoleClaims_AspNetRoles_RoleId" --------
ALTER TABLE [dbo].[AspNetRoleClaims]
	ADD CONSTRAINT [FK_AspNetRoleClaims_AspNetRoles_RoleId]
	FOREIGN KEY ([RoleId])
	REFERENCES [dbo].[AspNetRoles]( [Id] )
	ON DELETE Cascade
	ON UPDATE No Action
GO;
-- -------------------------------------------------------------

COMMIT TRANSACTION;
GO


-- --------------------------------------------------------------------------------
-- Populate Tables
-- --------------------------------------------------------------------------------

SET IDENTITY_INSERT [dbo].[OrderStatus] ON
GO


GO

SET IDENTITY_INSERT [dbo].[OrderStatus] OFF
GO
INSERT INTO [dbo].[__EFMigrationsHistory] ([MigrationId],[ProductVersion]) VALUES ( N'20170625075131_InitialCreate',N'1.1.2' );


GO

INSERT INTO [dbo].[AspNetUsers] ([Id],[AccessFailedCount],[ConcurrencyStamp],[Email],[EmailConfirmed],[FirstName],[LastName],[LockoutEnabled],[LockoutEnd],[NormalizedEmail],[NormalizedUserName],[PasswordHash],[PhoneNumber],[PhoneNumberConfirmed],[SecurityStamp],[TwoFactorEnabled],[UserName],[VerifiedCode],[VerifyCode],[VerifyCodeTime]) VALUES ( N'fd3ce09c-6f3e-45ca-98e6-8ed2bdd72b05',0,N'a5715c6c-799c-4221-acad-7868198664ff',NULL,N'0',NULL,NULL,N'1',NULL,NULL,N'89159882658',N'AQAAAAEAACcQAAAAEJImjLtbExBzJ62mvV9Rni6z8AnYBtLRDH3HtM1w8XKDb3fQMLXGKgZ8fSI6fq56Zg==',N'89159882658',N'0',N'7da6d86c-0be5-45b1-8012-aefeaa721ba2',N'0',N'89159882658',N'0',NULL,N'0001-01-01 00:00:00.0000000' );


GO

SET IDENTITY_INSERT [dbo].[City] ON
GO
INSERT INTO [dbo].[City] ([ID],[Area],[Domen],[Name],[PrepositionalArea],[PrepositionalName]) VALUES ( 1,N'Московская',N'moscow',N'Москва',N'Московской',N'Москве' );
INSERT INTO [dbo].[City] ([ID],[Area],[Domen],[Name],[PrepositionalArea],[PrepositionalName]) VALUES ( 2,N'Ярославская',N'yaroslavl',N'Ярославль',N'Ярославской',N'Ярославле' );
INSERT INTO [dbo].[City] ([ID],[Area],[Domen],[Name],[PrepositionalArea],[PrepositionalName]) VALUES ( 3,N'Ярославская',N'rybinsk',N'Рыбинск',N'Ярославской',N'Рыбинске' );
INSERT INTO [dbo].[City] ([ID],[Area],[Domen],[Name],[PrepositionalArea],[PrepositionalName]) VALUES ( 4,N'Ярославль',N'uglich',N'Углич',N'Ярославской',N'Угличе' );
INSERT INTO [dbo].[City] ([ID],[Area],[Domen],[Name],[PrepositionalArea],[PrepositionalName]) VALUES ( 5,N'Ярославская',N'poshekhonie',N'Пошехонье',N'Ярославской',N'Пошехонье' );
INSERT INTO [dbo].[City] ([ID],[Area],[Domen],[Name],[PrepositionalArea],[PrepositionalName]) VALUES ( 6,N'Ярославская',N'tutaev',N'Тутаев',N'Ярославской',N'Тутаеве' );


GO

SET IDENTITY_INSERT [dbo].[City] OFF
GO
SET IDENTITY_INSERT [dbo].[Customer] ON
GO


GO

SET IDENTITY_INSERT [dbo].[Customer] OFF
GO
SET IDENTITY_INSERT [dbo].[Dispatchers] ON
GO


GO

SET IDENTITY_INSERT [dbo].[Dispatchers] OFF
GO
SET IDENTITY_INSERT [dbo].[Pricelist] ON
GO
INSERT INTO [dbo].[Pricelist] ([ID]) VALUES ( 1 );
INSERT INTO [dbo].[Pricelist] ([ID]) VALUES ( 2 );
INSERT INTO [dbo].[Pricelist] ([ID]) VALUES ( 3 );
INSERT INTO [dbo].[Pricelist] ([ID]) VALUES ( 4 );
INSERT INTO [dbo].[Pricelist] ([ID]) VALUES ( 5 );


GO

SET IDENTITY_INSERT [dbo].[Pricelist] OFF
GO
SET IDENTITY_INSERT [dbo].[Shedule] ON
GO


GO

SET IDENTITY_INSERT [dbo].[Shedule] OFF
GO
INSERT INTO [dbo].[AspNetRoles] ([Id],[ConcurrencyStamp],[Name],[NormalizedName]) VALUES ( N'157829f5-d01f-41fe-a599-f15c793e0566',N'214d3e9b-b2a9-4477-b95a-d73b4b217b8a',N'Driver',N'DRIVER' );
INSERT INTO [dbo].[AspNetRoles] ([Id],[ConcurrencyStamp],[Name],[NormalizedName]) VALUES ( N'25758285-3e1a-4769-b7be-8a69b7485c72',N'85fb20a1-5bc0-4c9f-8c12-3eb088c3f2fd',N'Administrator',N'ADMINISTRATOR' );
INSERT INTO [dbo].[AspNetRoles] ([Id],[ConcurrencyStamp],[Name],[NormalizedName]) VALUES ( N'2860ddb6-b299-4be8-9c17-cf217df9b271',N'7bfda324-2227-4ce4-9ae5-29ef0b8309f2',N'Customer',N'CUSTOMER' );
INSERT INTO [dbo].[AspNetRoles] ([Id],[ConcurrencyStamp],[Name],[NormalizedName]) VALUES ( N'91c83f9c-3197-4b96-9ce6-f6fb827dd65f',N'c3f5b869-bf2a-4301-8e36-22330233b77b',N'Dispatcher',N'DISPATCHER' );


GO



GO

SET IDENTITY_INSERT [dbo].[AspNetUserClaims] ON
GO


GO

SET IDENTITY_INSERT [dbo].[AspNetUserClaims] OFF
GO


GO

SET IDENTITY_INSERT [dbo].[Garages] ON
GO
INSERT INTO [dbo].[Garages] ([ID],[CityID],[DispatcherID],[IsMaster],[Name],[PhoneNumber],[PhoneNumberMask],[PricelistID]) VALUES ( 1,1,NULL,N'1',N'Москва',7.92012e+10,N'{0:+#(###)###-####}',1 );
INSERT INTO [dbo].[Garages] ([ID],[CityID],[DispatcherID],[IsMaster],[Name],[PhoneNumber],[PhoneNumberMask],[PricelistID]) VALUES ( 2,2,NULL,N'1',N'Ярославль',7.92012e+10,N'{0:+#(###)###-####}',2 );
INSERT INTO [dbo].[Garages] ([ID],[CityID],[DispatcherID],[IsMaster],[Name],[PhoneNumber],[PhoneNumberMask],[PricelistID]) VALUES ( 3,3,NULL,N'1',N'Рыбинск',7.92012e+10,N'{0:+#(###)###-####}',3 );
INSERT INTO [dbo].[Garages] ([ID],[CityID],[DispatcherID],[IsMaster],[Name],[PhoneNumber],[PhoneNumberMask],[PricelistID]) VALUES ( 4,4,NULL,N'1',N'Углич',7.92012e+10,N'{0:+#(###)###-####}',4 );
INSERT INTO [dbo].[Garages] ([ID],[CityID],[DispatcherID],[IsMaster],[Name],[PhoneNumber],[PhoneNumberMask],[PricelistID]) VALUES ( 5,5,NULL,N'1',N'Пошехонье',7.92012e+10,N'{0:+#(###)###-####}',4 );
INSERT INTO [dbo].[Garages] ([ID],[CityID],[DispatcherID],[IsMaster],[Name],[PhoneNumber],[PhoneNumberMask],[PricelistID]) VALUES ( 6,6,NULL,N'1',N'Тутаев',7.92012e+10,N'{0:+#(###)###-####}',4 );


GO

SET IDENTITY_INSERT [dbo].[Garages] OFF
GO
SET IDENTITY_INSERT [dbo].[PricelistItem] ON
GO
INSERT INTO [dbo].[PricelistItem] ([ID],[Alias],[Discount],[LoadingVehicle],[LockedSteeringWheel],[LockedWheel],[Name],[PerKilometer],[PricelistID]) VALUES ( 1,N'bike',20,1390,0,300,N'Мотоцикл',0.00,1 );
INSERT INTO [dbo].[PricelistItem] ([ID],[Alias],[Discount],[LoadingVehicle],[LockedSteeringWheel],[LockedWheel],[Name],[PerKilometer],[PricelistID]) VALUES ( 2,N'car',20,1390,200,300,N'Легковой автомобиль',0.00,1 );
INSERT INTO [dbo].[PricelistItem] ([ID],[Alias],[Discount],[LoadingVehicle],[LockedSteeringWheel],[LockedWheel],[Name],[PerKilometer],[PricelistID]) VALUES ( 3,N'crossover',20,1390,200,300,N'Кроссовер',0.00,1 );
INSERT INTO [dbo].[PricelistItem] ([ID],[Alias],[Discount],[LoadingVehicle],[LockedSteeringWheel],[LockedWheel],[Name],[PerKilometer],[PricelistID]) VALUES ( 4,N'suv',20,1890,200,300,N'Внедорожник',0.00,1 );
INSERT INTO [dbo].[PricelistItem] ([ID],[Alias],[Discount],[LoadingVehicle],[LockedSteeringWheel],[LockedWheel],[Name],[PerKilometer],[PricelistID]) VALUES ( 5,N'minibus',20,2090,200,300,N'Микроавтобус',0.00,1 );
INSERT INTO [dbo].[PricelistItem] ([ID],[Alias],[Discount],[LoadingVehicle],[LockedSteeringWheel],[LockedWheel],[Name],[PerKilometer],[PricelistID]) VALUES ( 6,N'bus',20,3990,300,500,N'Автобус',0.00,1 );
INSERT INTO [dbo].[PricelistItem] ([ID],[Alias],[Discount],[LoadingVehicle],[LockedSteeringWheel],[LockedWheel],[Name],[PerKilometer],[PricelistID]) VALUES ( 7,N'truck',20,4990,500,700,N'Грузовик',0.00,1 );
INSERT INTO [dbo].[PricelistItem] ([ID],[Alias],[Discount],[LoadingVehicle],[LockedSteeringWheel],[LockedWheel],[Name],[PerKilometer],[PricelistID]) VALUES ( 8,N'bike',20,1190,0,200,N'Мотоцикл',0.00,2 );
INSERT INTO [dbo].[PricelistItem] ([ID],[Alias],[Discount],[LoadingVehicle],[LockedSteeringWheel],[LockedWheel],[Name],[PerKilometer],[PricelistID]) VALUES ( 9,N'car',20,1190,200,200,N'Легковой автомобиль',0.00,2 );
INSERT INTO [dbo].[PricelistItem] ([ID],[Alias],[Discount],[LoadingVehicle],[LockedSteeringWheel],[LockedWheel],[Name],[PerKilometer],[PricelistID]) VALUES ( 10,N'crossover',20,1190,200,200,N'Кроссовер',0.00,2 );
INSERT INTO [dbo].[PricelistItem] ([ID],[Alias],[Discount],[LoadingVehicle],[LockedSteeringWheel],[LockedWheel],[Name],[PerKilometer],[PricelistID]) VALUES ( 11,N'suv',20,1490,200,200,N'Внедорожник',0.00,2 );
INSERT INTO [dbo].[PricelistItem] ([ID],[Alias],[Discount],[LoadingVehicle],[LockedSteeringWheel],[LockedWheel],[Name],[PerKilometer],[PricelistID]) VALUES ( 12,N'minibus',20,1990,200,200,N'Микроавтобус',0.00,2 );
INSERT INTO [dbo].[PricelistItem] ([ID],[Alias],[Discount],[LoadingVehicle],[LockedSteeringWheel],[LockedWheel],[Name],[PerKilometer],[PricelistID]) VALUES ( 13,N'bus',20,3990,300,400,N'Автобус',0.00,2 );
INSERT INTO [dbo].[PricelistItem] ([ID],[Alias],[Discount],[LoadingVehicle],[LockedSteeringWheel],[LockedWheel],[Name],[PerKilometer],[PricelistID]) VALUES ( 14,N'truck',20,4990,500,600,N'Грузовик',0.00,2 );
INSERT INTO [dbo].[PricelistItem] ([ID],[Alias],[Discount],[LoadingVehicle],[LockedSteeringWheel],[LockedWheel],[Name],[PerKilometer],[PricelistID]) VALUES ( 15,N'bike',20,990,0,200,N'Мотоцикл',0.00,3 );
INSERT INTO [dbo].[PricelistItem] ([ID],[Alias],[Discount],[LoadingVehicle],[LockedSteeringWheel],[LockedWheel],[Name],[PerKilometer],[PricelistID]) VALUES ( 16,N'car',20,990,200,200,N'Легковой автомобиль',0.00,3 );
INSERT INTO [dbo].[PricelistItem] ([ID],[Alias],[Discount],[LoadingVehicle],[LockedSteeringWheel],[LockedWheel],[Name],[PerKilometer],[PricelistID]) VALUES ( 17,N'crossover',20,990,200,200,N'Кроссовер',0.00,3 );
INSERT INTO [dbo].[PricelistItem] ([ID],[Alias],[Discount],[LoadingVehicle],[LockedSteeringWheel],[LockedWheel],[Name],[PerKilometer],[PricelistID]) VALUES ( 18,N'suv',20,1190,200,200,N'Внедорожник',0.00,3 );
INSERT INTO [dbo].[PricelistItem] ([ID],[Alias],[Discount],[LoadingVehicle],[LockedSteeringWheel],[LockedWheel],[Name],[PerKilometer],[PricelistID]) VALUES ( 19,N'minibus',20,1390,200,200,N'Микроавтобус',0.00,3 );
INSERT INTO [dbo].[PricelistItem] ([ID],[Alias],[Discount],[LoadingVehicle],[LockedSteeringWheel],[LockedWheel],[Name],[PerKilometer],[PricelistID]) VALUES ( 20,N'bus',20,2990,300,400,N'Автобус',0.00,3 );
INSERT INTO [dbo].[PricelistItem] ([ID],[Alias],[Discount],[LoadingVehicle],[LockedSteeringWheel],[LockedWheel],[Name],[PerKilometer],[PricelistID]) VALUES ( 21,N'truck',20,3990,500,500,N'Грузовик',0.00,3 );
INSERT INTO [dbo].[PricelistItem] ([ID],[Alias],[Discount],[LoadingVehicle],[LockedSteeringWheel],[LockedWheel],[Name],[PerKilometer],[PricelistID]) VALUES ( 22,N'bike',20,990,0,200,N'Мотоцикл',0.00,4 );
INSERT INTO [dbo].[PricelistItem] ([ID],[Alias],[Discount],[LoadingVehicle],[LockedSteeringWheel],[LockedWheel],[Name],[PerKilometer],[PricelistID]) VALUES ( 23,N'car',20,990,200,200,N'Легковой автомобиль',0.00,4 );
INSERT INTO [dbo].[PricelistItem] ([ID],[Alias],[Discount],[LoadingVehicle],[LockedSteeringWheel],[LockedWheel],[Name],[PerKilometer],[PricelistID]) VALUES ( 24,N'crossover',20,990,200,200,N'Кроссовер',0.00,4 );
INSERT INTO [dbo].[PricelistItem] ([ID],[Alias],[Discount],[LoadingVehicle],[LockedSteeringWheel],[LockedWheel],[Name],[PerKilometer],[PricelistID]) VALUES ( 25,N'suv',20,1190,200,200,N'Внедорожник',0.00,4 );
INSERT INTO [dbo].[PricelistItem] ([ID],[Alias],[Discount],[LoadingVehicle],[LockedSteeringWheel],[LockedWheel],[Name],[PerKilometer],[PricelistID]) VALUES ( 26,N'minibus',20,1390,200,200,N'Микроавтобус',0.00,4 );
INSERT INTO [dbo].[PricelistItem] ([ID],[Alias],[Discount],[LoadingVehicle],[LockedSteeringWheel],[LockedWheel],[Name],[PerKilometer],[PricelistID]) VALUES ( 27,N'bus',20,2990,300,400,N'Автобус',0.00,4 );
INSERT INTO [dbo].[PricelistItem] ([ID],[Alias],[Discount],[LoadingVehicle],[LockedSteeringWheel],[LockedWheel],[Name],[PerKilometer],[PricelistID]) VALUES ( 28,N'truck',20,3990,500,500,N'Грузовик',0.00,4 );
INSERT INTO [dbo].[PricelistItem] ([ID],[Alias],[Discount],[LoadingVehicle],[LockedSteeringWheel],[LockedWheel],[Name],[PerKilometer],[PricelistID]) VALUES ( 29,N'bike',0,0,0,0,N'Мотоцикл',0.00,5 );
INSERT INTO [dbo].[PricelistItem] ([ID],[Alias],[Discount],[LoadingVehicle],[LockedSteeringWheel],[LockedWheel],[Name],[PerKilometer],[PricelistID]) VALUES ( 30,N'car',0,0,0,0,N'Легковой автомобиль',0.00,5 );
INSERT INTO [dbo].[PricelistItem] ([ID],[Alias],[Discount],[LoadingVehicle],[LockedSteeringWheel],[LockedWheel],[Name],[PerKilometer],[PricelistID]) VALUES ( 31,N'crossover',0,0,0,0,N'Кроссовер',0.00,5 );
INSERT INTO [dbo].[PricelistItem] ([ID],[Alias],[Discount],[LoadingVehicle],[LockedSteeringWheel],[LockedWheel],[Name],[PerKilometer],[PricelistID]) VALUES ( 32,N'suv',0,0,0,0,N'Внедорожник',0.00,5 );
INSERT INTO [dbo].[PricelistItem] ([ID],[Alias],[Discount],[LoadingVehicle],[LockedSteeringWheel],[LockedWheel],[Name],[PerKilometer],[PricelistID]) VALUES ( 33,N'minibus',0,0,0,0,N'Микроавтобус',0.00,5 );
INSERT INTO [dbo].[PricelistItem] ([ID],[Alias],[Discount],[LoadingVehicle],[LockedSteeringWheel],[LockedWheel],[Name],[PerKilometer],[PricelistID]) VALUES ( 34,N'bus',0,0,0,0,N'Автобус',0.00,5 );
INSERT INTO [dbo].[PricelistItem] ([ID],[Alias],[Discount],[LoadingVehicle],[LockedSteeringWheel],[LockedWheel],[Name],[PerKilometer],[PricelistID]) VALUES ( 35,N'truck',0,0,0,0,N'Грузовик',0.00,5 );


GO

SET IDENTITY_INSERT [dbo].[PricelistItem] OFF
GO
SET IDENTITY_INSERT [dbo].[SheduleDay] ON
GO


GO

SET IDENTITY_INSERT [dbo].[SheduleDay] OFF
GO
SET IDENTITY_INSERT [dbo].[AspNetRoleClaims] ON
GO


GO

SET IDENTITY_INSERT [dbo].[AspNetRoleClaims] OFF
GO
INSERT INTO [dbo].[AspNetUserRoles] ([UserId],[RoleId]) VALUES ( N'fd3ce09c-6f3e-45ca-98e6-8ed2bdd72b05',N'25758285-3e1a-4769-b7be-8a69b7485c72' );


GO

SET IDENTITY_INSERT [dbo].[Driver] ON
GO


GO

SET IDENTITY_INSERT [dbo].[Driver] OFF
GO
SET IDENTITY_INSERT [dbo].[Membership] ON
GO


GO

SET IDENTITY_INSERT [dbo].[Membership] OFF
GO
SET IDENTITY_INSERT [dbo].[SheduleHourRange] ON
GO


GO

SET IDENTITY_INSERT [dbo].[SheduleHourRange] OFF
GO
SET IDENTITY_INSERT [dbo].[Vehicle] ON
GO


GO

SET IDENTITY_INSERT [dbo].[Vehicle] OFF
GO
SET IDENTITY_INSERT [dbo].[Order] ON
GO


GO

SET IDENTITY_INSERT [dbo].[Order] OFF
GO
